date	hr_of_day	vals
2014-05-01	0	72
2014-05-01	1	127
2014-05-01	2	277
2014-05-01	3	411
2014-05-01	4	666
2014-05-01	5	912
2014-05-01	6	1164
2014-05-01	7	1119
2014-05-01	8	951
2014-05-01	9	929
2014-05-01	10	942
2014-05-01	11	968
2014-05-01	12	856
2014-05-01	13	835
2014-05-01	14	885
2014-05-01	15	945
2014-05-01	16	924
2014-05-01	17	914
2014-05-01	18	744
2014-05-01	19	377
2014-05-01	20	219
2014-05-01	21	106
2014-05-01	22	56
2014-05-01	23	43
2014-05-02	0	61
2014-05-02	1	136
2014-05-02	2	272
2014-05-02	3	385
2014-05-02	4	590
2014-05-02	5	869
2014-05-02	6	1019
2014-05-02	7	961
2014-05-02	8	931
2014-05-02	9	980
2014-05-02	10	1055
2014-05-02	11	1007
2014-05-02	12	896
2014-05-02	13	839
2014-05-02	14	827
2014-05-02	15	832
2014-05-02	16	846
2014-05-02	17	820
2014-05-02	18	675
2014-05-02	19	433
2014-05-02	20	242
2014-05-02	21	112
2014-05-02	22	80
2014-05-02	23	43
2014-05-03	0	49
2014-05-03	1	158
2014-05-03	2	243
2014-05-03	3	395
2014-05-03	4	612
2014-05-03	5	860
2014-05-03	6	979
2014-05-03	7	1027
2014-05-03	8	945
2014-05-03	9	1023
2014-05-03	10	996
2014-05-03	11	912
2014-05-03	12	672
2014-05-03	13	615
2014-05-03	14	633
2014-05-03	15	580
2014-05-03	16	614
2014-05-03	17	552
2014-05-03	18	465
2014-05-03	19	315
2014-05-03	20	181
2014-05-03	21	78
2014-05-03	22	51
2014-05-03	23	30
2014-05-04	0	48
2014-05-04	1	106
2014-05-04	2	251
2014-05-04	3	372
2014-05-04	4	564
2014-05-04	5	800
2014-05-04	6	985
2014-05-04	7	997
2014-05-04	8	918
2014-05-04	9	849
2014-05-04	10	769
2014-05-04	11	851
2014-05-04	12	850
2014-05-04	13	840
2014-05-04	14	916
2014-05-04	15	917
2014-05-04	16	862
2014-05-04	17	921
2014-05-04	18	660
2014-05-04	19	408
2014-05-04	20	216
2014-05-04	21	114
2014-05-04	22	49
2014-05-04	23	45
2014-05-05	0	53
2014-05-05	1	137
2014-05-05	2	254
2014-05-05	3	408
2014-05-05	4	638
2014-05-05	5	792
2014-05-05	6	1101
2014-05-05	7	973
2014-05-05	8	964
2014-05-05	9	1062
2014-05-05	10	880
2014-05-05	11	1009
2014-05-05	12	794
2014-05-05	13	868
2014-05-05	14	837
2014-05-05	15	966
2014-05-05	16	1017
2014-05-05	17	1041
2014-05-05	18	766
2014-05-05	19	405
2014-05-05	20	196
2014-05-05	21	97
2014-05-05	22	60
2014-05-05	23	56
2014-05-06	0	66
2014-05-06	1	161
2014-05-06	2	320
2014-05-06	3	451
2014-05-06	4	712
2014-05-06	5	940
2014-05-06	6	1048
2014-05-06	7	1115
2014-05-06	8	1022
2014-05-06	9	1051
2014-05-06	10	1065
2014-05-06	11	1006
2014-05-06	12	1041
2014-05-06	13	956
2014-05-06	14	929
2014-05-06	15	996
2014-05-06	16	996
2014-05-06	17	1033
2014-05-06	18	774
2014-05-06	19	484
2014-05-06	20	243
2014-05-06	21	108
2014-05-06	22	69
2014-05-06	23	46
2014-05-07	0	71
2014-05-07	1	170
2014-05-07	2	263
2014-05-07	3	421
2014-05-07	4	643
2014-05-07	5	889
2014-05-07	6	1082
2014-05-07	7	1045
2014-05-07	8	829
2014-05-07	9	1032
2014-05-07	10	1190
2014-05-07	11	1087
2014-05-07	12	1042
2014-05-07	13	917
2014-05-07	14	973
2014-05-07	15	928
2014-05-07	16	917
2014-05-07	17	968
2014-05-07	18	814
2014-05-07	19	397
2014-05-07	20	225
2014-05-07	21	116
2014-05-07	22	47
2014-05-07	23	52
2014-05-08	0	58
2014-05-08	1	176
2014-05-08	2	262
2014-05-08	3	443
2014-05-08	4	680
2014-05-08	5	984
2014-05-08	6	1152
2014-05-08	7	1141
2014-05-08	8	950
2014-05-08	9	1057
2014-05-08	10	1126
2014-05-08	11	925
2014-05-08	12	909
2014-05-08	13	965
2014-05-08	14	899
2014-05-08	15	836
2014-05-08	16	869
2014-05-08	17	843
2014-05-08	18	678
2014-05-08	19	338
2014-05-08	20	174
2014-05-08	21	90
2014-05-08	22	66
2014-05-08	23	46
2014-05-09	0	61
2014-05-09	1	100
2014-05-09	2	231
2014-05-09	3	330
2014-05-09	4	527
2014-05-09	5	615
2014-05-09	6	855
2014-05-09	7	872
2014-05-09	8	788
2014-05-09	9	849
2014-05-09	10	697
2014-05-09	11	908
2014-05-09	12	744
2014-05-09	13	770
2014-05-09	14	776
2014-05-09	15	696
2014-05-09	16	737
2014-05-09	17	777
2014-05-09	18	533
2014-05-09	19	352
2014-05-09	20	180
2014-05-09	21	100
2014-05-09	22	60
2014-05-09	23	43
2014-05-10	0	57
2014-05-10	1	116
2014-05-10	2	218
2014-05-10	3	343
2014-05-10	4	520
2014-05-10	5	742
2014-05-10	6	903
2014-05-10	7	986
2014-05-10	8	922
2014-05-10	9	949
2014-05-10	10	817
2014-05-10	11	834
2014-05-10	12	833
2014-05-10	13	688
2014-05-10	14	696
2014-05-10	15	708
2014-05-10	16	630
2014-05-10	17	627
2014-05-10	18	535
2014-05-10	19	374
2014-05-10	20	175
2014-05-10	21	101
2014-05-10	22	64
2014-05-10	23	22
2014-05-11	0	55
2014-05-11	1	97
2014-05-11	2	185
2014-05-11	3	308
2014-05-11	4	513
2014-05-11	5	696
2014-05-11	6	764
2014-05-11	7	858
2014-05-11	8	831
2014-05-11	9	738
2014-05-11	10	782
2014-05-11	11	721
2014-05-11	12	695
2014-05-11	13	702
2014-05-11	14	747
2014-05-11	15	670
2014-05-11	16	657
2014-05-11	17	760
2014-05-11	18	605
2014-05-11	19	399
2014-05-11	20	188
2014-05-11	21	85
2014-05-11	22	36
2014-05-11	23	25
2014-05-12	0	46
2014-05-12	1	122
2014-05-12	2	242
2014-05-12	3	345
2014-05-12	4	533
2014-05-12	5	743
2014-05-12	6	895
2014-05-12	7	1003
2014-05-12	8	991
2014-05-12	9	1011
2014-05-12	10	997
2014-05-12	11	983
2014-05-12	12	885
2014-05-12	13	823
2014-05-12	14	851
2014-05-12	15	816
2014-05-12	16	972
2014-05-12	17	921
2014-05-12	18	705
2014-05-12	19	384
2014-05-12	20	185
2014-05-12	21	113
2014-05-12	22	71
2014-05-12	23	47
2014-05-13	0	68
2014-05-13	1	127
2014-05-13	2	260
2014-05-13	3	414
2014-05-13	4	665
2014-05-13	5	813
2014-05-13	6	1022
2014-05-13	7	996
2014-05-13	8	876
2014-05-13	9	987
2014-05-13	10	938
2014-05-13	11	968
2014-05-13	12	815
2014-05-13	13	697
2014-05-13	14	837
2014-05-13	15	857
2014-05-13	16	835
2014-05-13	17	770
2014-05-13	18	599
2014-05-13	19	372
2014-05-13	20	192
2014-05-13	21	88
2014-05-13	22	48
2014-05-13	23	44
2014-05-14	0	61
2014-05-14	1	119
2014-05-14	2	233
2014-05-14	3	421
2014-05-14	4	619
2014-05-14	5	813
2014-05-14	6	976
2014-05-14	7	952
2014-05-14	8	853
2014-05-14	9	908
2014-05-14	10	851
2014-05-14	11	850
2014-05-14	12	686
2014-05-14	13	652
2014-05-14	14	672
2014-05-14	15	708
2014-05-14	16	179
2014-05-14	17	1
2014-05-14	18	6
2014-05-14	19	15
2014-05-14	20	110
2014-05-14	21	93
2014-05-14	22	50
2014-05-14	23	40
2014-05-15	0	53
2014-05-15	1	117
2014-05-15	2	238
2014-05-15	3	355
2014-05-15	4	537
2014-05-15	5	663
2014-05-15	6	830
2014-05-15	7	859
2014-05-15	8	896
2014-05-15	9	968
2014-05-15	10	918
2014-05-15	11	774
2014-05-15	12	705
2014-05-15	13	726
2014-05-15	14	694
2014-05-15	15	712
2014-05-15	16	780
2014-05-15	17	754
2014-05-15	18	566
2014-05-15	19	296
2014-05-15	20	188
2014-05-15	21	98
2014-05-15	22	44
2014-05-15	23	37
2014-05-16	0	55
2014-05-16	1	133
2014-05-16	2	229
2014-05-16	3	246
2014-05-16	4	334
2014-05-16	5	477
2014-05-16	6	572
2014-05-16	7	643
2014-05-16	8	568
2014-05-16	9	615
2014-05-16	10	694
2014-05-16	11	659
2014-05-16	12	628
2014-05-16	13	600
2014-05-16	14	623
2014-05-16	15	666
2014-05-16	16	633
2014-05-16	17	612
2014-05-16	18	490
2014-05-16	19	283
2014-05-16	20	152
2014-05-16	21	78
2014-05-16	22	53
2014-05-16	23	40
2014-05-17	0	55
2014-05-17	1	105
2014-05-17	2	196
2014-05-17	3	323
2014-05-17	4	541
2014-05-17	5	658
2014-05-17	6	776
2014-05-17	7	815
2014-05-17	8	793
2014-05-17	9	740
2014-05-17	10	752
2014-05-17	11	778
2014-05-17	12	696
2014-05-17	13	679
2014-05-17	14	704
2014-05-17	15	662
2014-05-17	16	676
2014-05-17	17	622
2014-05-17	18	455
2014-05-17	19	300
2014-05-17	20	169
2014-05-17	21	85
2014-05-17	22	61
2014-05-17	23	28
2014-05-18	0	44
2014-05-18	1	102
2014-05-18	2	222
2014-05-18	3	316
2014-05-18	4	465
2014-05-18	5	478
2014-05-18	6	593
2014-05-18	7	565
2014-05-18	8	676
2014-05-18	9	742
2014-05-18	10	707
2014-05-18	11	691
2014-05-18	12	712
2014-05-18	13	647
2014-05-18	14	735
2014-05-18	15	705
2014-05-18	16	757
2014-05-18	17	759
2014-05-18	18	522
2014-05-18	19	311
2014-05-18	20	132
2014-05-18	21	81
2014-05-18	22	40
2014-05-18	23	27
2014-05-19	0	45
2014-05-19	1	89
2014-05-19	2	226
2014-05-19	3	349
2014-05-19	4	535
2014-05-19	5	784
2014-05-19	6	909
2014-05-19	7	955
2014-05-19	8	926
2014-05-19	9	1020
2014-05-19	10	931
2014-05-19	11	874
2014-05-19	12	799
2014-05-19	13	709
2014-05-19	14	744
2014-05-19	15	726
2014-05-19	16	844
2014-05-19	17	815
2014-05-19	18	559
2014-05-19	19	318
2014-05-19	20	148
2014-05-19	21	94
2014-05-19	22	53
2014-05-19	23	36
2014-05-20	0	50
2014-05-20	1	125
2014-05-20	2	238
2014-05-20	3	364
2014-05-20	4	578
2014-05-20	5	742
2014-05-20	6	891
2014-05-20	7	900
2014-05-20	8	835
2014-05-20	9	886
2014-05-20	10	892
2014-05-20	11	849
2014-05-20	12	723
2014-05-20	13	720
2014-05-20	14	755
2014-05-20	15	695
2014-05-20	16	745
2014-05-20	17	719
2014-05-20	18	529
2014-05-20	19	320
2014-05-20	20	186
2014-05-20	21	89
2014-05-20	22	60
2014-05-20	23	47
2014-05-21	0	43
2014-05-21	1	133
2014-05-21	2	254
2014-05-21	3	363
2014-05-21	4	565
2014-05-21	5	638
2014-05-21	6	797
2014-05-21	7	889
2014-05-21	8	770
2014-05-21	9	854
2014-05-21	10	831
2014-05-21	11	846
2014-05-21	12	828
2014-05-21	13	636
2014-05-21	14	700
2014-05-21	15	712
2014-05-21	16	714
2014-05-21	17	695
2014-05-21	18	488
2014-05-21	19	287
2014-05-21	20	163
2014-05-21	21	98
2014-05-21	22	50
2014-05-21	23	20
2014-05-22	0	41
2014-05-22	1	100
2014-05-22	2	250
2014-05-22	3	368
2014-05-22	4	558
2014-05-22	5	695
2014-05-22	6	769
2014-05-22	7	758
2014-05-22	8	694
2014-05-22	9	752
2014-05-22	10	754
2014-05-22	11	761
2014-05-22	12	661
2014-05-22	13	589
2014-05-22	14	590
2014-05-22	15	647
2014-05-22	16	674
2014-05-22	17	623
2014-05-22	18	480
2014-05-22	19	305
2014-05-22	20	163
2014-05-22	21	85
2014-05-22	22	41
2014-05-22	23	39
2014-05-23	0	50
2014-05-23	1	109
2014-05-23	2	216
2014-05-23	3	303
2014-05-23	4	467
2014-05-23	5	628
2014-05-23	6	724
2014-05-23	7	802
2014-05-23	8	725
2014-05-23	9	710
2014-05-23	10	682
2014-05-23	11	728
2014-05-23	12	699
2014-05-23	13	657
2014-05-23	14	614
2014-05-23	15	600
2014-05-23	16	638
2014-05-23	17	560
2014-05-23	18	487
2014-05-23	19	301
2014-05-23	20	133
2014-05-23	21	82
2014-05-23	22	47
2014-05-23	23	39
2014-05-24	0	30
2014-05-24	1	120
2014-05-24	2	218
2014-05-24	3	314
2014-05-24	4	458
2014-05-24	5	574
2014-05-24	6	675
2014-05-24	7	742
2014-05-24	8	745
2014-05-24	9	728
2014-05-24	10	671
2014-05-24	11	696
2014-05-24	12	607
2014-05-24	13	610
2014-05-24	14	614
2014-05-24	15	630
2014-05-24	16	572
2014-05-24	17	586
2014-05-24	18	426
2014-05-24	19	316
2014-05-24	20	160
2014-05-24	21	101
2014-05-24	22	46
2014-05-24	23	39
2014-05-25	0	52
2014-05-25	1	88
2014-05-25	2	172
2014-05-25	3	251
2014-05-25	4	407
2014-05-25	5	566
2014-05-25	6	795
2014-05-25	7	864
2014-05-25	8	712
2014-05-25	9	677
2014-05-25	10	558
2014-05-25	11	552
2014-05-25	12	523
2014-05-25	13	554
2014-05-25	14	636
2014-05-25	15	671
2014-05-25	16	674
2014-05-25	17	599
2014-05-25	18	480
2014-05-25	19	307
2014-05-25	20	137
2014-05-25	21	59
2014-05-25	22	26
2014-05-25	23	23
2014-05-26	0	46
2014-05-26	1	100
2014-05-26	2	181
2014-05-26	3	295
2014-05-26	4	492
2014-05-26	5	714
2014-05-26	6	816
2014-05-26	7	830
2014-05-26	8	832
2014-05-26	9	910
2014-05-26	10	938
2014-05-26	11	850
2014-05-26	12	796
2014-05-26	13	680
2014-05-26	14	709
2014-05-26	15	712
2014-05-26	16	805
2014-05-26	17	750
2014-05-26	18	551
2014-05-26	19	289
2014-05-26	20	148
2014-05-26	21	86
2014-05-26	22	51
2014-05-26	23	25
2014-05-27	0	67
2014-05-27	1	102
2014-05-27	2	216
2014-05-27	3	365
2014-05-27	4	587
2014-05-27	5	769
2014-05-27	6	889
2014-05-27	7	872
2014-05-27	8	811
2014-05-27	9	848
2014-05-27	10	898
2014-05-27	11	853
2014-05-27	12	740
2014-05-27	13	747
2014-05-27	14	747
2014-05-27	15	684
2014-05-27	16	781
2014-05-27	17	740
2014-05-27	18	563
2014-05-27	19	348
2014-05-27	20	173
2014-05-27	21	71
2014-05-27	22	32
2014-05-27	23	28
2014-05-28	0	53
2014-05-28	1	112
2014-05-28	2	180
2014-05-28	3	271
2014-05-28	4	446
2014-05-28	5	604
2014-05-28	6	766
2014-05-28	7	647
2014-05-28	8	759
2014-05-28	9	929
2014-05-28	10	877
2014-05-28	11	818
2014-05-28	12	691
2014-05-28	13	689
2014-05-28	14	732
2014-05-28	15	736
2014-05-28	16	752
2014-05-28	17	734
2014-05-28	18	498
2014-05-28	19	347
2014-05-28	20	188
2014-05-28	21	98
2014-05-28	22	57
2014-05-28	23	30
2014-05-29	0	61
2014-05-29	1	125
2014-05-29	2	223
2014-05-29	3	357
2014-05-29	4	601
2014-05-29	5	857
2014-05-29	6	915
2014-05-29	7	940
2014-05-29	8	873
2014-05-29	9	864
2014-05-29	10	886
2014-05-29	11	827
2014-05-29	12	768
2014-05-29	13	632
2014-05-29	14	580
2014-05-29	15	776
2014-05-29	16	789
2014-05-29	17	779
2014-05-29	18	557
2014-05-29	19	315
2014-05-29	20	166
2014-05-29	21	97
2014-05-29	22	48
2014-05-29	23	39
2014-05-30	0	44
2014-05-30	1	134
2014-05-30	2	211
2014-05-30	3	313
2014-05-30	4	495
2014-05-30	5	732
2014-05-30	6	868
2014-05-30	7	847
2014-05-30	8	791
2014-05-30	9	861
2014-05-30	10	897
2014-05-30	11	839
2014-05-30	12	764
2014-05-30	13	668
2014-05-30	14	691
2014-05-30	15	609
2014-05-30	16	644
2014-05-30	17	627
2014-05-30	18	499
2014-05-30	19	334
2014-05-30	20	209
2014-05-30	21	92
2014-05-30	22	54
2014-05-30	23	32
2014-05-31	0	54
2014-05-31	1	129
2014-05-31	2	201
2014-05-31	3	341
2014-05-31	4	499
2014-05-31	5	644
2014-05-31	6	859
2014-05-31	7	778
2014-05-31	8	771
2014-05-31	9	803
2014-05-31	10	765
2014-05-31	11	752
2014-05-31	12	705
2014-05-31	13	647
2014-05-31	14	661
2014-05-31	15	666
2014-05-31	16	649
2014-05-31	17	580
2014-05-31	18	552
2014-05-31	19	317
2014-05-31	20	219
2014-05-31	21	94
2014-05-31	22	44
2014-05-31	23	29
2014-06-01	0	36
2014-06-01	1	103
2014-06-01	2	165
2014-06-01	3	339
2014-06-01	4	440
2014-06-01	5	663
2014-06-01	6	762
2014-06-01	7	834
2014-06-01	8	759
2014-06-01	9	740
2014-06-01	10	733
2014-06-01	11	693
2014-06-01	12	691
2014-06-01	13	731
2014-06-01	14	709
2014-06-01	15	675
2014-06-01	16	673
2014-06-01	17	741
2014-06-01	18	531
2014-06-01	19	348
2014-06-01	20	197
2014-06-01	21	86
2014-06-01	22	43
2014-06-01	23	43
2014-06-02	0	55
2014-06-02	1	100
2014-06-02	2	206
2014-06-02	3	337
2014-06-02	4	450
2014-06-02	5	663
2014-06-02	6	904
2014-06-02	7	842
2014-06-02	8	840
2014-06-02	9	938
2014-06-02	10	964
2014-06-02	11	987
2014-06-02	12	847
2014-06-02	13	785
2014-06-02	14	804
2014-06-02	15	861
2014-06-02	16	814
2014-06-02	17	798
2014-06-02	18	552
2014-06-02	19	312
2014-06-02	20	153
2014-06-02	21	89
2014-06-02	22	50
2014-06-02	23	30
2014-06-03	0	44
2014-06-03	1	114
2014-06-03	2	237
2014-06-03	3	342
2014-06-03	4	509
2014-06-03	5	742
2014-06-03	6	856
2014-06-03	7	957
2014-06-03	8	918
2014-06-03	9	981
2014-06-03	10	1014
2014-06-03	11	925
2014-06-03	12	879
2014-06-03	13	836
2014-06-03	14	780
2014-06-03	15	779
2014-06-03	16	746
2014-06-03	17	781
2014-06-03	18	625
2014-06-03	19	308
2014-06-03	20	151
2014-06-03	21	78
2014-06-03	22	52
2014-06-03	23	53
2014-06-04	0	57
2014-06-04	1	109
2014-06-04	2	291
2014-06-04	3	405
2014-06-04	4	569
2014-06-04	5	769
2014-06-04	6	908
2014-06-04	7	887
2014-06-04	8	965
2014-06-04	9	994
2014-06-04	10	1010
2014-06-04	11	889
2014-06-04	12	849
2014-06-04	13	777
2014-06-04	14	854
2014-06-04	15	801
2014-06-04	16	959
2014-06-04	17	870
2014-06-04	18	664
2014-06-04	19	346
2014-06-04	20	205
2014-06-04	21	92
2014-06-04	22	71
2014-06-04	23	46
2014-06-05	0	56
2014-06-05	1	142
2014-06-05	2	260
2014-06-05	3	382
2014-06-05	4	555
2014-06-05	5	785
2014-06-05	6	959
2014-06-05	7	1006
2014-06-05	8	979
2014-06-05	9	951
2014-06-05	10	1019
2014-06-05	11	1001
2014-06-05	12	869
2014-06-05	13	740
2014-06-05	14	806
2014-06-05	15	789
2014-06-05	16	846
2014-06-05	17	829
2014-06-05	18	671
2014-06-05	19	365
2014-06-05	20	169
2014-06-05	21	95
2014-06-05	22	43
2014-06-05	23	52
2014-06-06	0	73
2014-06-06	1	130
2014-06-06	2	259
2014-06-06	3	382
2014-06-06	4	554
2014-06-06	5	821
2014-06-06	6	912
2014-06-06	7	899
2014-06-06	8	879
2014-06-06	9	908
2014-06-06	10	935
2014-06-06	11	921
2014-06-06	12	816
2014-06-06	13	722
2014-06-06	14	716
2014-06-06	15	778
2014-06-06	16	793
2014-06-06	17	733
2014-06-06	18	568
2014-06-06	19	360
2014-06-06	20	214
2014-06-06	21	86
2014-06-06	22	62
2014-06-06	23	44
2014-06-07	0	45
2014-06-07	1	99
2014-06-07	2	239
2014-06-07	3	376
2014-06-07	4	604
2014-06-07	5	733
2014-06-07	6	821
2014-06-07	7	932
2014-06-07	8	916
2014-06-07	9	803
2014-06-07	10	890
2014-06-07	11	875
2014-06-07	12	799
2014-06-07	13	770
2014-06-07	14	697
2014-06-07	15	718
2014-06-07	16	750
2014-06-07	17	689
2014-06-07	18	570
2014-06-07	19	381
2014-06-07	20	184
2014-06-07	21	103
2014-06-07	22	75
2014-06-07	23	26
2014-06-08	0	47
2014-06-08	1	111
2014-06-08	2	190
2014-06-08	3	355
2014-06-08	4	543
2014-06-08	5	657
2014-06-08	6	928
2014-06-08	7	881
2014-06-08	8	858
2014-06-08	9	788
2014-06-08	10	776
2014-06-08	11	788
2014-06-08	12	780
2014-06-08	13	705
2014-06-08	14	746
2014-06-08	15	835
2014-06-08	16	781
2014-06-08	17	802
2014-06-08	18	641
2014-06-08	19	366
2014-06-08	20	200
2014-06-08	21	108
2014-06-08	22	49
2014-06-08	23	42
2014-06-09	0	53
2014-06-09	1	108
2014-06-09	2	233
2014-06-09	3	389
2014-06-09	4	550
2014-06-09	5	843
2014-06-09	6	853
2014-06-09	7	1024
2014-06-09	8	1006
2014-06-09	9	1079
2014-06-09	10	1127
2014-06-09	11	1018
2014-06-09	12	949
2014-06-09	13	937
2014-06-09	14	858
2014-06-09	15	887
2014-06-09	16	949
2014-06-09	17	941
2014-06-09	18	677
2014-06-09	19	309
2014-06-09	20	166
2014-06-09	21	81
2014-06-09	22	54
2014-06-09	23	46
2014-06-10	0	53
2014-06-10	1	118
2014-06-10	2	253
2014-06-10	3	409
2014-06-10	4	593
2014-06-10	5	847
2014-06-10	6	939
2014-06-10	7	956
2014-06-10	8	1021
2014-06-10	9	951
2014-06-10	10	1032
2014-06-10	11	1035
2014-06-10	12	885
2014-06-10	13	832
2014-06-10	14	792
2014-06-10	15	821
2014-06-10	16	876
2014-06-10	17	912
2014-06-10	18	612
2014-06-10	19	363
2014-06-10	20	164
2014-06-10	21	115
2014-06-10	22	63
2014-06-10	23	43
2014-06-11	0	75
2014-06-11	1	120
2014-06-11	2	286
2014-06-11	3	398
2014-06-11	4	575
2014-06-11	5	783
2014-06-11	6	1011
2014-06-11	7	1123
2014-06-11	8	954
2014-06-11	9	1013
2014-06-11	10	1075
2014-06-11	11	1057
2014-06-11	12	974
2014-06-11	13	796
2014-06-11	14	837
2014-06-11	15	846
2014-06-11	16	828
2014-06-11	17	892
2014-06-11	18	661
2014-06-11	19	360
2014-06-11	20	227
2014-06-11	21	100
2014-06-11	22	58
2014-06-11	23	50
2014-06-12	0	58
2014-06-12	1	144
2014-06-12	2	286
2014-06-12	3	378
2014-06-12	4	592
2014-06-12	5	883
2014-06-12	6	953
2014-06-12	7	1010
2014-06-12	8	959
2014-06-12	9	1115
2014-06-12	10	1027
2014-06-12	11	1027
2014-06-12	12	957
2014-06-12	13	861
2014-06-12	14	805
2014-06-12	15	889
2014-06-12	16	902
2014-06-12	17	911
2014-06-12	18	625
2014-06-12	19	365
2014-06-12	20	158
2014-06-12	21	91
2014-06-12	22	39
2014-06-12	23	31
2014-06-13	0	52
2014-06-13	1	110
2014-06-13	2	164
2014-06-13	3	277
2014-06-13	4	470
2014-06-13	5	638
2014-06-13	6	798
2014-06-13	7	1024
2014-06-13	8	952
2014-06-13	9	871
2014-06-13	10	1014
2014-06-13	11	907
2014-06-13	12	876
2014-06-13	13	784
2014-06-13	14	755
2014-06-13	15	772
2014-06-13	16	774
2014-06-13	17	800
2014-06-13	18	585
2014-06-13	19	365
2014-06-13	20	199
2014-06-13	21	90
2014-06-13	22	50
2014-06-13	23	54
2014-06-14	0	47
2014-06-14	1	114
2014-06-14	2	236
2014-06-14	3	363
2014-06-14	4	552
2014-06-14	5	717
2014-06-14	6	961
2014-06-14	7	1027
2014-06-14	8	977
2014-06-14	9	906
2014-06-14	10	911
2014-06-14	11	950
2014-06-14	12	870
2014-06-14	13	727
2014-06-14	14	807
2014-06-14	15	788
2014-06-14	16	834
2014-06-14	17	854
2014-06-14	18	632
2014-06-14	19	382
2014-06-14	20	238
2014-06-14	21	149
2014-06-14	22	56
2014-06-14	23	39
2014-06-15	0	52
2014-06-15	1	87
2014-06-15	2	189
2014-06-15	3	372
2014-06-15	4	533
2014-06-15	5	705
2014-06-15	6	926
2014-06-15	7	984
2014-06-15	8	937
2014-06-15	9	822
2014-06-15	10	892
2014-06-15	11	783
2014-06-15	12	811
2014-06-15	13	836
2014-06-15	14	915
2014-06-15	15	882
2014-06-15	16	953
2014-06-15	17	904
2014-06-15	18	629
2014-06-15	19	341
2014-06-15	20	170
2014-06-15	21	89
2014-06-15	22	52
2014-06-15	23	32
2014-06-16	0	54
2014-06-16	1	114
2014-06-16	2	251
2014-06-16	3	375
2014-06-16	4	644
2014-06-16	5	905
2014-06-16	6	1058
2014-06-16	7	1079
2014-06-16	8	977
2014-06-16	9	1137
2014-06-16	10	1054
2014-06-16	11	1093
2014-06-16	12	1052
2014-06-16	13	873
2014-06-16	14	876
2014-06-16	15	900
2014-06-16	16	913
2014-06-16	17	838
2014-06-16	18	649
2014-06-16	19	401
2014-06-16	20	238
2014-06-16	21	85
2014-06-16	22	66
2014-06-16	23	31
2014-06-17	0	58
2014-06-17	1	154
2014-06-17	2	246
2014-06-17	3	389
2014-06-17	4	699
2014-06-17	5	861
2014-06-17	6	1048
2014-06-17	7	1123
2014-06-17	8	962
2014-06-17	9	1072
2014-06-17	10	1077
2014-06-17	11	1018
2014-06-17	12	943
2014-06-17	13	850
2014-06-17	14	814
2014-06-17	15	1002
2014-06-17	16	1047
2014-06-17	17	988
2014-06-17	18	727
2014-06-17	19	442
2014-06-17	20	197
2014-06-17	21	109
2014-06-17	22	63
2014-06-17	23	48
2014-06-18	0	59
2014-06-18	1	137
2014-06-18	2	267
2014-06-18	3	462
2014-06-18	4	652
2014-06-18	5	952
2014-06-18	6	1060
2014-06-18	7	1121
2014-06-18	8	975
2014-06-18	9	1107
2014-06-18	10	1048
2014-06-18	11	1047
2014-06-18	12	975
2014-06-18	13	864
2014-06-18	14	925
2014-06-18	15	916
2014-06-18	16	960
2014-06-18	17	887
2014-06-18	18	750
2014-06-18	19	397
2014-06-18	20	191
2014-06-18	21	117
2014-06-18	22	72
2014-06-18	23	37
2014-06-19	0	51
2014-06-19	1	134
2014-06-19	2	234
2014-06-19	3	390
2014-06-19	4	592
2014-06-19	5	875
2014-06-19	6	1023
2014-06-19	7	1048
2014-06-19	8	1017
2014-06-19	9	1002
2014-06-19	10	1046
2014-06-19	11	1086
2014-06-19	12	987
2014-06-19	13	884
2014-06-19	14	902
2014-06-19	15	871
2014-06-19	16	963
2014-06-19	17	901
2014-06-19	18	705
2014-06-19	19	372
2014-06-19	20	197
2014-06-19	21	108
2014-06-19	22	55
2014-06-19	23	33
2014-06-20	0	66
2014-06-20	1	141
2014-06-20	2	257
2014-06-20	3	385
2014-06-20	4	615
2014-06-20	5	739
2014-06-20	6	945
2014-06-20	7	974
2014-06-20	8	854
2014-06-20	9	857
2014-06-20	10	967
2014-06-20	11	861
2014-06-20	12	977
2014-06-20	13	818
2014-06-20	14	867
2014-06-20	15	861
2014-06-20	16	983
2014-06-20	17	850
2014-06-20	18	667
2014-06-20	19	369
2014-06-20	20	199
2014-06-20	21	119
2014-06-20	22	68
2014-06-20	23	50
2014-06-21	0	54
2014-06-21	1	113
2014-06-21	2	260
2014-06-21	3	422
2014-06-21	4	632
2014-06-21	5	927
2014-06-21	6	1062
2014-06-21	7	1101
2014-06-21	8	1052
2014-06-21	9	1000
2014-06-21	10	948
2014-06-21	11	874
2014-06-21	12	842
2014-06-21	13	859
2014-06-21	14	850
2014-06-21	15	879
2014-06-21	16	904
2014-06-21	17	772
2014-06-21	18	676
2014-06-21	19	397
2014-06-21	20	184
2014-06-21	21	109
2014-06-21	22	53
2014-06-21	23	37
2014-06-22	0	48
2014-06-22	1	116
2014-06-22	2	235
2014-06-22	3	389
2014-06-22	4	592
2014-06-22	5	917
2014-06-22	6	1089
2014-06-22	7	1003
2014-06-22	8	910
2014-06-22	9	841
2014-06-22	10	911
2014-06-22	11	848
2014-06-22	12	934
2014-06-22	13	1081
2014-06-22	14	1094
2014-06-22	15	1047
2014-06-22	16	1174
2014-06-22	17	1099
2014-06-22	18	696
2014-06-22	19	434
2014-06-22	20	221
2014-06-22	21	103
2014-06-22	22	58
2014-06-22	23	36
2014-06-23	0	60
2014-06-23	1	135
2014-06-23	2	260
2014-06-23	3	400
2014-06-23	4	657
2014-06-23	5	998
2014-06-23	6	1165
2014-06-23	7	1157
2014-06-23	8	1297
2014-06-23	9	1255
2014-06-23	10	1210
2014-06-23	11	1242
2014-06-23	12	1115
2014-06-23	13	1009
2014-06-23	14	976
2014-06-23	15	1080
2014-06-23	16	1008
2014-06-23	17	1044
2014-06-23	18	770
2014-06-23	19	376
2014-06-23	20	201
2014-06-23	21	109
2014-06-23	22	67
2014-06-23	23	49
2014-06-24	0	69
2014-06-24	1	151
2014-06-24	2	271
2014-06-24	3	403
2014-06-24	4	735
2014-06-24	5	977
2014-06-24	6	1124
2014-06-24	7	1143
2014-06-24	8	1195
2014-06-24	9	1176
2014-06-24	10	1120
2014-06-24	11	1142
2014-06-24	12	1045
2014-06-24	13	919
2014-06-24	14	951
2014-06-24	15	990
2014-06-24	16	1056
2014-06-24	17	1040
2014-06-24	18	820
2014-06-24	19	456
2014-06-24	20	227
2014-06-24	21	112
2014-06-24	22	67
2014-06-24	23	53
2014-06-25	0	81
2014-06-25	1	137
2014-06-25	2	285
2014-06-25	3	445
2014-06-25	4	719
2014-06-25	5	939
2014-06-25	6	1128
2014-06-25	7	1156
2014-06-25	8	1059
2014-06-25	9	1259
2014-06-25	10	1167
2014-06-25	11	1166
2014-06-25	12	1111
2014-06-25	13	998
2014-06-25	14	1060
2014-06-25	15	1065
2014-06-25	16	1138
2014-06-25	17	1102
2014-06-25	18	867
2014-06-25	19	517
2014-06-25	20	260
2014-06-25	21	131
2014-06-25	22	77
2014-06-25	23	50
2014-06-26	0	89
2014-06-26	1	181
2014-06-26	2	326
2014-06-26	3	517
2014-06-26	4	834
2014-06-26	5	1102
2014-06-26	6	1375
2014-06-26	7	1283
2014-06-26	8	1243
2014-06-26	9	1306
2014-06-26	10	1452
2014-06-26	11	1373
2014-06-26	12	1395
2014-06-26	13	1312
2014-06-26	14	1313
2014-06-26	15	1330
2014-06-26	16	1392
2014-06-26	17	1242
2014-06-26	18	1063
2014-06-26	19	600
2014-06-26	20	322
2014-06-26	21	169
2014-06-26	22	96
2014-06-26	23	54
2014-06-27	0	91
2014-06-27	1	183
2014-06-27	2	322
2014-06-27	3	422
2014-06-27	4	861
2014-06-27	5	1131
2014-06-27	6	1289
2014-06-27	7	1076
2014-06-27	8	1045
2014-06-27	9	1148
2014-06-27	10	1073
2014-06-27	11	1181
2014-06-27	12	1098
2014-06-27	13	1225
2014-06-27	14	1093
2014-06-27	15	1318
2014-06-27	16	1610
2014-06-27	17	1645
2014-06-27	18	1239
2014-06-27	19	722
2014-06-27	20	406
2014-06-27	21	181
2014-06-27	22	104
2014-06-27	23	69
2014-06-28	0	115
2014-06-28	1	239
2014-06-28	2	428
2014-06-28	3	698
2014-06-28	4	1063
2014-06-28	5	1680
2014-06-28	6	2009
2014-06-28	7	2153
2014-06-28	8	1849
2014-06-28	9	1773
2014-06-28	10	1761
2014-06-28	11	1698
2014-06-28	12	1417
2014-06-28	13	1149
2014-06-28	14	1450
2014-06-28	15	1533
2014-06-28	16	1699
2014-06-28	17	1702
2014-06-28	18	1222
2014-06-28	19	782
2014-06-28	20	449
2014-06-28	21	170
2014-06-28	22	103
2014-06-28	23	79
2014-06-29	0	90
2014-06-29	1	142
2014-06-29	2	367
2014-06-29	3	512
2014-06-29	4	888
2014-06-29	5	1481
2014-06-29	6	1768
2014-06-29	7	1824
2014-06-29	8	1505
2014-06-29	9	1473
2014-06-29	10	1421
2014-06-29	11	1409
2014-06-29	12	1304
2014-06-29	13	1369
2014-06-29	14	927
2014-06-29	15	1065
2014-06-29	16	1260
2014-06-29	17	1428
2014-06-29	18	1082
2014-06-29	19	595
2014-06-29	20	248
2014-06-29	21	130
2014-06-29	22	86
2014-06-29	23	51
2014-06-30	0	100
2014-06-30	1	161
2014-06-30	2	289
2014-06-30	3	515
2014-06-30	4	735
2014-06-30	5	1074
2014-06-30	6	1399
2014-06-30	7	1561
2014-06-30	8	1631
2014-06-30	9	1894
2014-06-30	10	1866
2014-06-30	11	1828
2014-06-30	12	1611
2014-06-30	13	1393
2014-06-30	14	1625
2014-06-30	15	1570
2014-06-30	16	1776
2014-06-30	17	1946
2014-06-30	18	1149
2014-06-30	19	378
2014-06-30	20	204
2014-06-30	21	82
2014-06-30	22	70
2014-06-30	23	53
2014-07-01	0	63
2014-07-01	1	128
2014-07-01	2	261
2014-07-01	3	414
2014-07-01	4	584
2014-07-01	5	815
2014-07-01	6	997
2014-07-01	7	1035
2014-07-01	8	982
2014-07-01	9	1138
2014-07-01	10	964
2014-07-01	11	993
2014-07-01	12	943
2014-07-01	13	818
2014-07-01	14	840
2014-07-01	15	948
2014-07-01	16	991
2014-07-01	17	942
2014-07-01	18	607
2014-07-01	19	395
2014-07-01	20	179
2014-07-01	21	101
2014-07-01	22	49
2014-07-01	23	30
2014-07-02	0	71
2014-07-02	1	138
2014-07-02	2	250
2014-07-02	3	389
2014-07-02	4	619
2014-07-02	5	799
2014-07-02	6	980
2014-07-02	7	1056
2014-07-02	8	1006
2014-07-02	9	1060
2014-07-02	10	1064
2014-07-02	11	1001
2014-07-02	12	941
2014-07-02	13	906
2014-07-02	14	845
2014-07-02	15	881
2014-07-02	16	909
2014-07-02	17	953
2014-07-02	18	668
2014-07-02	19	353
2014-07-02	20	194
2014-07-02	21	113
2014-07-02	22	72
2014-07-02	23	65
2014-07-03	0	72
2014-07-03	1	133
2014-07-03	2	302
2014-07-03	3	405
2014-07-03	4	602
2014-07-03	5	810
2014-07-03	6	991
2014-07-03	7	996
2014-07-03	8	950
2014-07-03	9	1028
2014-07-03	10	1082
2014-07-03	11	1084
2014-07-03	12	928
2014-07-03	13	904
2014-07-03	14	918
2014-07-03	15	870
2014-07-03	16	917
2014-07-03	17	934
2014-07-03	18	634
2014-07-03	19	394
2014-07-03	20	197
2014-07-03	21	85
2014-07-03	22	49
2014-07-03	23	54
2014-07-04	0	73
2014-07-04	1	127
2014-07-04	2	239
2014-07-04	3	390
2014-07-04	4	621
2014-07-04	5	707
2014-07-04	6	978
2014-07-04	7	927
2014-07-04	8	898
2014-07-04	9	1002
2014-07-04	10	984
2014-07-04	11	1059
2014-07-04	12	890
2014-07-04	13	769
2014-07-04	14	862
2014-07-04	15	923
2014-07-04	16	879
2014-07-04	17	896
2014-07-04	18	748
2014-07-04	19	441
2014-07-04	20	211
2014-07-04	21	121
2014-07-04	22	72
2014-07-04	23	54
2014-07-05	0	67
2014-07-05	1	121
2014-07-05	2	266
2014-07-05	3	429
2014-07-05	4	629
2014-07-05	5	930
2014-07-05	6	1052
2014-07-05	7	1119
2014-07-05	8	1071
2014-07-05	9	1133
2014-07-05	10	985
2014-07-05	11	1033
2014-07-05	12	902
2014-07-05	13	833
2014-07-05	14	861
2014-07-05	15	893
2014-07-05	16	908
2014-07-05	17	918
2014-07-05	18	634
2014-07-05	19	461
2014-07-05	20	238
2014-07-05	21	140
2014-07-05	22	68
2014-07-05	23	55
2014-07-06	0	66
2014-07-06	1	141
2014-07-06	2	224
2014-07-06	3	411
2014-07-06	4	563
2014-07-06	5	804
2014-07-06	6	946
2014-07-06	7	348
2014-07-06	8	366
2014-07-06	9	678
2014-07-06	10	1108
2014-07-06	11	965
2014-07-06	12	941
2014-07-06	13	962
2014-07-06	14	998
2014-07-06	15	1090
2014-07-06	16	1073
2014-07-06	17	1007
2014-07-06	18	688
2014-07-06	19	397
2014-07-06	20	228
2014-07-06	21	103
2014-07-06	22	50
2014-07-06	23	44
2014-07-07	0	67
2014-07-07	1	127
2014-07-07	2	258
2014-07-07	3	343
2014-07-07	4	612
2014-07-07	5	893
2014-07-07	6	1087
2014-07-07	7	1081
2014-07-07	8	1035
2014-07-07	9	1180
2014-07-07	10	1213
2014-07-07	11	1125
2014-07-07	12	1043
2014-07-07	13	965
2014-07-07	14	955
2014-07-07	15	1012
2014-07-07	16	1027
2014-07-07	17	1109
2014-07-07	18	831
2014-07-07	19	465
2014-07-07	20	224
2014-07-07	21	132
2014-07-07	22	75
2014-07-07	23	74
2014-07-08	0	70
2014-07-08	1	140
2014-07-08	2	324
2014-07-08	3	465
2014-07-08	4	733
2014-07-08	5	1023
2014-07-08	6	1182
2014-07-08	7	1138
2014-07-08	8	1113
2014-07-08	9	1211
2014-07-08	10	1190
2014-07-08	11	1141
2014-07-08	12	1039
2014-07-08	13	940
2014-07-08	14	977
2014-07-08	15	949
2014-07-08	16	1047
2014-07-08	17	1069
2014-07-08	18	740
2014-07-08	19	419
2014-07-08	20	181
2014-07-08	21	116
2014-07-08	22	74
2014-07-08	23	74
2014-07-09	0	70
2014-07-09	1	152
2014-07-09	2	275
2014-07-09	3	410
2014-07-09	4	627
2014-07-09	5	835
2014-07-09	6	1002
2014-07-09	7	906
2014-07-09	8	874
2014-07-09	9	938
2014-07-09	10	1005
2014-07-09	11	1009
2014-07-09	12	926
2014-07-09	13	853
2014-07-09	14	769
2014-07-09	15	873
2014-07-09	16	876
2014-07-09	17	896
2014-07-09	18	689
2014-07-09	19	365
2014-07-09	20	201
2014-07-09	21	117
2014-07-09	22	73
2014-07-09	23	74
2014-07-10	0	77
2014-07-10	1	101
2014-07-10	2	217
2014-07-10	3	373
2014-07-10	4	518
2014-07-10	5	572
2014-07-10	6	885
2014-07-10	7	894
2014-07-10	8	865
2014-07-10	9	977
2014-07-10	10	1017
2014-07-10	11	1041
2014-07-10	12	907
2014-07-10	13	816
2014-07-10	14	787
2014-07-10	15	861
2014-07-10	16	859
2014-07-10	17	897
2014-07-10	18	659
2014-07-10	19	380
2014-07-10	20	214
2014-07-10	21	109
2014-07-10	22	64
2014-07-10	23	65
2014-07-11	0	83
2014-07-11	1	150
2014-07-11	2	254
2014-07-11	3	351
2014-07-11	4	588
2014-07-11	5	815
2014-07-11	6	1035
2014-07-11	7	1040
2014-07-11	8	917
2014-07-11	9	958
2014-07-11	10	960
2014-07-11	11	1053
2014-07-11	12	880
2014-07-11	13	815
2014-07-11	14	757
2014-07-11	15	801
2014-07-11	16	862
2014-07-11	17	877
2014-07-11	18	580
2014-07-11	19	358
2014-07-11	20	204
2014-07-11	21	114
2014-07-11	22	66
2014-07-11	23	55
2014-07-12	0	77
2014-07-12	1	109
2014-07-12	2	232
2014-07-12	3	350
2014-07-12	4	555
2014-07-12	5	748
2014-07-12	6	949
2014-07-12	7	1025
2014-07-12	8	964
2014-07-12	9	951
2014-07-12	10	950
2014-07-12	11	902
2014-07-12	12	818
2014-07-12	13	756
2014-07-12	14	820
2014-07-12	15	721
2014-07-12	16	710
2014-07-12	17	654
2014-07-12	18	602
2014-07-12	19	409
2014-07-12	20	201
2014-07-12	21	157
2014-07-12	22	64
2014-07-12	23	41
2014-07-13	0	49
2014-07-13	1	88
2014-07-13	2	180
2014-07-13	3	315
2014-07-13	4	521
2014-07-13	5	713
2014-07-13	6	971
2014-07-13	7	947
2014-07-13	8	844
2014-07-13	9	857
2014-07-13	10	829
2014-07-13	11	769
2014-07-13	12	845
2014-07-13	13	931
2014-07-13	14	1171
2014-07-13	15	1311
2014-07-13	16	1220
2014-07-13	17	1149
2014-07-13	18	741
2014-07-13	19	402
2014-07-13	20	198
2014-07-13	21	108
2014-07-13	22	108
2014-07-13	23	60
2014-07-14	0	65
2014-07-14	1	130
2014-07-14	2	235
2014-07-14	3	382
2014-07-14	4	602
2014-07-14	5	882
2014-07-14	6	1144
2014-07-14	7	1169
2014-07-14	8	1111
2014-07-14	9	1245
2014-07-14	10	1264
2014-07-14	11	1265
2014-07-14	12	1091
2014-07-14	13	1018
2014-07-14	14	1100
2014-07-14	15	1085
2014-07-14	16	1186
2014-07-14	17	1107
2014-07-14	18	748
2014-07-14	19	435
2014-07-14	20	245
2014-07-14	21	135
2014-07-14	22	71
2014-07-14	23	62
2014-07-15	0	73
2014-07-15	1	148
2014-07-15	2	266
2014-07-15	3	406
2014-07-15	4	655
2014-07-15	5	943
2014-07-15	6	1044
2014-07-15	7	1051
2014-07-15	8	1000
2014-07-15	9	1057
2014-07-15	10	1103
2014-07-15	11	1151
2014-07-15	12	997
2014-07-15	13	899
2014-07-15	14	1005
2014-07-15	15	1059
2014-07-15	16	1126
2014-07-15	17	1088
2014-07-15	18	765
2014-07-15	19	444
2014-07-15	20	235
2014-07-15	21	122
2014-07-15	22	53
2014-07-15	23	49
2014-07-16	0	87
2014-07-16	1	115
2014-07-16	2	234
2014-07-16	3	408
2014-07-16	4	680
2014-07-16	5	829
2014-07-16	6	989
2014-07-16	7	963
2014-07-16	8	1055
2014-07-16	9	1155
2014-07-16	10	1087
2014-07-16	11	1039
2014-07-16	12	964
2014-07-16	13	873
2014-07-16	14	954
2014-07-16	15	985
2014-07-16	16	1066
2014-07-16	17	1082
2014-07-16	18	910
2014-07-16	19	517
2014-07-16	20	301
2014-07-16	21	129
2014-07-16	22	85
2014-07-16	23	75
2014-07-17	0	72
2014-07-17	1	156
2014-07-17	2	329
2014-07-17	3	472
2014-07-17	4	727
2014-07-17	5	1047
2014-07-17	6	1172
2014-07-17	7	1125
2014-07-17	8	1179
2014-07-17	9	1172
2014-07-17	10	1239
2014-07-17	11	1216
2014-07-17	12	1106
2014-07-17	13	962
2014-07-17	14	1022
2014-07-17	15	972
2014-07-17	16	968
2014-07-17	17	1059
2014-07-17	18	832
2014-07-17	19	479
2014-07-17	20	238
2014-07-17	21	131
2014-07-17	22	92
2014-07-17	23	92
2014-07-18	0	92
2014-07-18	1	120
2014-07-18	2	291
2014-07-18	3	433
2014-07-18	4	896
2014-07-18	5	1185
2014-07-18	6	783
2014-07-18	7	231
2014-07-18	8	230
2014-07-18	9	1075
2014-07-18	10	1081
2014-07-18	11	1139
2014-07-18	12	1491
2014-07-18	13	1336
2014-07-18	14	1220
2014-07-18	15	1261
2014-07-18	16	1283
2014-07-18	17	1266
2014-07-18	18	948
2014-07-18	19	585
2014-07-18	20	303
2014-07-18	21	193
2014-07-18	22	94
2014-07-18	23	85
2014-07-19	0	92
2014-07-19	1	151
2014-07-19	2	315
2014-07-19	3	491
2014-07-19	4	742
2014-07-19	5	1092
2014-07-19	6	1286
2014-07-19	7	1364
2014-07-19	8	1270
2014-07-19	9	1227
2014-07-19	10	1257
2014-07-19	11	1124
2014-07-19	12	1134
2014-07-19	13	1068
2014-07-19	14	1099
2014-07-19	15	1086
2014-07-19	16	1027
2014-07-19	17	1056
2014-07-19	18	756
2014-07-19	19	484
2014-07-19	20	273
2014-07-19	21	133
2014-07-19	22	62
2014-07-19	23	63
2014-07-20	0	61
2014-07-20	1	116
2014-07-20	2	232
2014-07-20	3	391
2014-07-20	4	608
2014-07-20	5	890
2014-07-20	6	1086
2014-07-20	7	1190
2014-07-20	8	1070
2014-07-20	9	1006
2014-07-20	10	981
2014-07-20	11	916
2014-07-20	12	945
2014-07-20	13	935
2014-07-20	14	1053
2014-07-20	15	1056
2014-07-20	16	1087
2014-07-20	17	1037
2014-07-20	18	814
2014-07-20	19	354
2014-07-20	20	160
2014-07-20	21	78
2014-07-20	22	48
2014-07-20	23	43
2014-07-21	0	53
2014-07-21	1	102
2014-07-21	2	201
2014-07-21	3	368
2014-07-21	4	562
2014-07-21	5	793
2014-07-21	6	1013
2014-07-21	7	1124
2014-07-21	8	1047
2014-07-21	9	1154
2014-07-21	10	1194
2014-07-21	11	1027
2014-07-21	12	956
2014-07-21	13	914
2014-07-21	14	966
2014-07-21	15	1001
2014-07-21	16	1211
2014-07-21	17	1148
2014-07-21	18	866
2014-07-21	19	490
2014-07-21	20	236
2014-07-21	21	111
2014-07-21	22	82
2014-07-21	23	70
2014-07-22	0	79
2014-07-22	1	156
2014-07-22	2	324
2014-07-22	3	481
2014-07-22	4	743
2014-07-22	5	898
2014-07-22	6	1034
2014-07-22	7	1146
2014-07-22	8	1129
2014-07-22	9	1116
2014-07-22	10	1148
2014-07-22	11	1016
2014-07-22	12	1042
2014-07-22	13	1000
2014-07-22	14	1043
2014-07-22	15	1079
2014-07-22	16	1105
2014-07-22	17	1139
2014-07-22	18	873
2014-07-22	19	390
2014-07-22	20	222
2014-07-22	21	108
2014-07-22	22	76
2014-07-22	23	70
2014-07-23	0	87
2014-07-23	1	165
2014-07-23	2	231
2014-07-23	3	449
2014-07-23	4	637
2014-07-23	5	889
2014-07-23	6	1079
2014-07-23	7	1048
2014-07-23	8	1011
2014-07-23	9	1074
2014-07-23	10	1076
2014-07-23	11	1155
2014-07-23	12	1050
2014-07-23	13	927
2014-07-23	14	994
2014-07-23	15	1033
2014-07-23	16	1007
2014-07-23	17	1137
2014-07-23	18	858
2014-07-23	19	457
2014-07-23	20	238
2014-07-23	21	98
2014-07-23	22	83
2014-07-23	23	87
2014-07-24	0	86
2014-07-24	1	158
2014-07-24	2	289
2014-07-24	3	409
2014-07-24	4	636
2014-07-24	5	914
2014-07-24	6	1103
2014-07-24	7	1068
2014-07-24	8	993
2014-07-24	9	1063
2014-07-24	10	1054
2014-07-24	11	1048
2014-07-24	12	923
2014-07-24	13	883
2014-07-24	14	972
2014-07-24	15	982
2014-07-24	16	1034
2014-07-24	17	989
2014-07-24	18	764
2014-07-24	19	423
2014-07-24	20	185
2014-07-24	21	135
2014-07-24	22	67
2014-07-24	23	56
2014-07-25	0	99
2014-07-25	1	147
2014-07-25	2	289
2014-07-25	3	391
2014-07-25	4	545
2014-07-25	5	750
2014-07-25	6	858
2014-07-25	7	870
2014-07-25	8	811
2014-07-25	9	890
2014-07-25	10	859
2014-07-25	11	967
2014-07-25	12	860
2014-07-25	13	814
2014-07-25	14	844
2014-07-25	15	776
2014-07-25	16	870
2014-07-25	17	817
2014-07-25	18	628
2014-07-25	19	404
2014-07-25	20	237
2014-07-25	21	120
2014-07-25	22	72
2014-07-25	23	45
2014-07-26	0	62
2014-07-26	1	117
2014-07-26	2	256
2014-07-26	3	391
2014-07-26	4	752
2014-07-26	5	944
2014-07-26	6	1126
2014-07-26	7	1079
2014-07-26	8	1065
2014-07-26	9	896
2014-07-26	10	960
2014-07-26	11	887
2014-07-26	12	894
2014-07-26	13	785
2014-07-26	14	844
2014-07-26	15	898
2014-07-26	16	851
2014-07-26	17	820
2014-07-26	18	678
2014-07-26	19	371
2014-07-26	20	237
2014-07-26	21	120
2014-07-26	22	61
2014-07-26	23	60
2014-07-27	0	46
2014-07-27	1	107
2014-07-27	2	210
2014-07-27	3	363
2014-07-27	4	561
2014-07-27	5	762
2014-07-27	6	888
2014-07-27	7	1064
2014-07-27	8	918
2014-07-27	9	840
2014-07-27	10	838
2014-07-27	11	870
2014-07-27	12	801
2014-07-27	13	903
2014-07-27	14	960
2014-07-27	15	966
2014-07-27	16	944
2014-07-27	17	919
2014-07-27	18	683
2014-07-27	19	350
2014-07-27	20	191
2014-07-27	21	116
2014-07-27	22	55
2014-07-27	23	41
2014-07-28	0	55
2014-07-28	1	134
2014-07-28	2	191
2014-07-28	3	329
2014-07-28	4	613
2014-07-28	5	812
2014-07-28	6	979
2014-07-28	7	1076
2014-07-28	8	992
2014-07-28	9	1103
2014-07-28	10	1141
2014-07-28	11	1050
2014-07-28	12	875
2014-07-28	13	849
2014-07-28	14	872
2014-07-28	15	825
2014-07-28	16	1037
2014-07-28	17	941
2014-07-28	18	732
2014-07-28	19	436
2014-07-28	20	261
2014-07-28	21	108
2014-07-28	22	63
2014-07-28	23	44
2014-07-29	0	56
2014-07-29	1	155
2014-07-29	2	251
2014-07-29	3	501
2014-07-29	4	735
2014-07-29	5	935
2014-07-29	6	1181
2014-07-29	7	1265
2014-07-29	8	1177
2014-07-29	9	1139
2014-07-29	10	1147
2014-07-29	11	1041
2014-07-29	12	1025
2014-07-29	13	1008
2014-07-29	14	1014
2014-07-29	15	1006
2014-07-29	16	1079
2014-07-29	17	950
2014-07-29	18	740
2014-07-29	19	414
2014-07-29	20	194
2014-07-29	21	121
2014-07-29	22	73
2014-07-29	23	48
2014-07-30	0	63
2014-07-30	1	125
2014-07-30	2	247
2014-07-30	3	406
2014-07-30	4	610
2014-07-30	5	850
2014-07-30	6	987
2014-07-30	7	1046
2014-07-30	8	999
2014-07-30	9	1055
2014-07-30	10	1137
2014-07-30	11	1067
2014-07-30	12	951
2014-07-30	13	935
2014-07-30	14	921
2014-07-30	15	951
2014-07-30	16	1103
2014-07-30	17	1156
2014-07-30	18	839
2014-07-30	19	447
2014-07-30	20	243
2014-07-30	21	141
2014-07-30	22	74
2014-07-30	23	42
2014-07-31	0	63
2014-07-31	1	148
2014-07-31	2	284
2014-07-31	3	406
2014-07-31	4	612
2014-07-31	5	900
2014-07-31	6	1063
2014-07-31	7	1043
2014-07-31	8	1082
2014-07-31	9	1176
2014-07-31	10	1239
2014-07-31	11	1020
2014-07-31	12	1040
2014-07-31	13	1009
2014-07-31	14	1050
2014-07-31	15	1171
2014-07-31	16	1155
2014-07-31	17	1125
2014-07-31	18	899
2014-07-31	19	502
2014-07-31	20	268
2014-07-31	21	100
2014-07-31	22	53
2014-07-31	23	52
2014-08-01	0	86
2014-08-01	1	132
2014-08-01	2	256
2014-08-01	3	393
2014-08-01	4	649
2014-08-01	5	877
2014-08-01	6	1037
2014-08-01	7	1027
2014-08-01	8	984
2014-08-01	9	1057
2014-08-01	10	1023
2014-08-01	11	1058
2014-08-01	12	936
2014-08-01	13	871
2014-08-01	14	903
2014-08-01	15	924
2014-08-01	16	1053
2014-08-01	17	1056
2014-08-01	18	854
2014-08-01	19	533
2014-08-01	20	329
2014-08-01	21	199
2014-08-01	22	118
2014-08-01	23	95
2014-08-02	0	82
2014-08-02	1	191
2014-08-02	2	371
2014-08-02	3	534
2014-08-02	4	784
2014-08-02	5	1107
2014-08-02	6	1356
2014-08-02	7	1355
2014-08-02	8	1372
2014-08-02	9	1315
2014-08-02	10	1310
2014-08-02	11	1261
2014-08-02	12	1308
2014-08-02	13	1177
2014-08-02	14	1152
2014-08-02	15	1164
2014-08-02	16	1227
2014-08-02	17	1214
2014-08-02	18	1040
2014-08-02	19	634
2014-08-02	20	325
2014-08-02	21	177
2014-08-02	22	81
2014-08-02	23	85
2014-08-03	0	70
2014-08-03	1	137
2014-08-03	2	243
2014-08-03	3	422
2014-08-03	4	749
2014-08-03	5	1002
2014-08-03	6	1188
2014-08-03	7	1274
2014-08-03	8	1163
2014-08-03	9	1135
2014-08-03	10	1074
2014-08-03	11	1047
2014-08-03	12	1094
2014-08-03	13	1176
2014-08-03	14	1202
2014-08-03	15	1096
2014-08-03	16	1108
2014-08-03	17	1061
2014-08-03	18	938
2014-08-03	19	526
2014-08-03	20	254
2014-08-03	21	125
2014-08-03	22	73
2014-08-03	23	41
2014-08-04	0	64
2014-08-04	1	186
2014-08-04	2	263
2014-08-04	3	432
2014-08-04	4	678
2014-08-04	5	982
2014-08-04	6	1276
2014-08-04	7	1297
2014-08-04	8	1218
2014-08-04	9	1338
2014-08-04	10	1321
2014-08-04	11	1224
2014-08-04	12	1211
2014-08-04	13	1130
2014-08-04	14	1054
2014-08-04	15	1299
2014-08-04	16	1326
2014-08-04	17	1313
2014-08-04	18	1039
2014-08-04	19	583
2014-08-04	20	315
2014-08-04	21	156
2014-08-04	22	79
2014-08-04	23	79
2014-08-05	0	75
2014-08-05	1	164
2014-08-05	2	292
2014-08-05	3	486
2014-08-05	4	787
2014-08-05	5	1102
2014-08-05	6	1315
2014-08-05	7	1274
2014-08-05	8	1268
2014-08-05	9	1406
2014-08-05	10	1416
2014-08-05	11	1426
2014-08-05	12	1281
2014-08-05	13	1197
2014-08-05	14	1221
2014-08-05	15	1244
2014-08-05	16	1312
2014-08-05	17	1367
2014-08-05	18	1021
2014-08-05	19	585
2014-08-05	20	260
2014-08-05	21	151
2014-08-05	22	86
2014-08-05	23	54
2014-08-06	0	82
2014-08-06	1	202
2014-08-06	2	347
2014-08-06	3	490
2014-08-06	4	713
2014-08-06	5	1017
2014-08-06	6	1211
2014-08-06	7	1252
2014-08-06	8	1196
2014-08-06	9	1296
2014-08-06	10	1271
2014-08-06	11	1281
2014-08-06	12	1174
2014-08-06	13	1206
2014-08-06	14	1169
2014-08-06	15	1259
2014-08-06	16	1238
2014-08-06	17	1230
2014-08-06	18	854
2014-08-06	19	545
2014-08-06	20	274
2014-08-06	21	128
2014-08-06	22	87
2014-08-06	23	58
2014-08-07	0	83
2014-08-07	1	168
2014-08-07	2	282
2014-08-07	3	508
2014-08-07	4	739
2014-08-07	5	941
2014-08-07	6	1172
2014-08-07	7	1215
2014-08-07	8	1185
2014-08-07	9	1177
2014-08-07	10	1207
2014-08-07	11	1140
2014-08-07	12	1018
2014-08-07	13	1119
2014-08-07	14	974
2014-08-07	15	1102
2014-08-07	16	1083
2014-08-07	17	1083
2014-08-07	18	766
2014-08-07	19	446
2014-08-07	20	261
2014-08-07	21	132
2014-08-07	22	73
2014-08-07	23	62
2014-08-08	0	71
2014-08-08	1	147
2014-08-08	2	303
2014-08-08	3	467
2014-08-08	4	695
2014-08-08	5	838
2014-08-08	6	1114
2014-08-08	7	1089
2014-08-08	8	961
2014-08-08	9	1169
2014-08-08	10	1181
2014-08-08	11	1120
2014-08-08	12	1103
2014-08-08	13	1069
2014-08-08	14	954
2014-08-08	15	1074
2014-08-08	16	1069
2014-08-08	17	1069
2014-08-08	18	830
2014-08-08	19	392
2014-08-08	20	243
2014-08-08	21	131
2014-08-08	22	68
2014-08-08	23	43
2014-08-09	0	64
2014-08-09	1	138
2014-08-09	2	258
2014-08-09	3	412
2014-08-09	4	587
2014-08-09	5	905
2014-08-09	6	1134
2014-08-09	7	1259
2014-08-09	8	1055
2014-08-09	9	956
2014-08-09	10	1082
2014-08-09	11	956
2014-08-09	12	931
2014-08-09	13	857
2014-08-09	14	905
2014-08-09	15	909
2014-08-09	16	1023
2014-08-09	17	931
2014-08-09	18	659
2014-08-09	19	411
2014-08-09	20	224
2014-08-09	21	113
2014-08-09	22	71
2014-08-09	23	46
2014-08-10	0	53
2014-08-10	1	120
2014-08-10	2	221
2014-08-10	3	413
2014-08-10	4	553
2014-08-10	5	768
2014-08-10	6	956
2014-08-10	7	1015
2014-08-10	8	863
2014-08-10	9	775
2014-08-10	10	848
2014-08-10	11	870
2014-08-10	12	841
2014-08-10	13	894
2014-08-10	14	1009
2014-08-10	15	1026
2014-08-10	16	1046
2014-08-10	17	946
2014-08-10	18	731
2014-08-10	19	388
2014-08-10	20	186
2014-08-10	21	84
2014-08-10	22	46
2014-08-10	23	33
2014-08-11	0	50
2014-08-11	1	112
2014-08-11	2	194
2014-08-11	3	363
2014-08-11	4	619
2014-08-11	5	924
2014-08-11	6	1080
2014-08-11	7	1064
2014-08-11	8	1011
2014-08-11	9	1115
2014-08-11	10	1112
2014-08-11	11	1201
2014-08-11	12	1174
2014-08-11	13	1003
2014-08-11	14	1037
2014-08-11	15	1093
2014-08-11	16	1150
2014-08-11	17	1117
2014-08-11	18	782
2014-08-11	19	439
2014-08-11	20	182
2014-08-11	21	106
2014-08-11	22	54
2014-08-11	23	54
2014-08-12	0	64
2014-08-12	1	167
2014-08-12	2	270
2014-08-12	3	446
2014-08-12	4	631
2014-08-12	5	858
2014-08-12	6	947
2014-08-12	7	1147
2014-08-12	8	360
2014-08-12	9	877
2014-08-12	10	1293
2014-08-12	11	1062
2014-08-12	12	1141
2014-08-12	13	1011
2014-08-12	14	1138
2014-08-12	15	1070
2014-08-12	16	1217
2014-08-12	17	1146
2014-08-12	18	819
2014-08-12	19	471
2014-08-12	20	234
2014-08-12	21	129
2014-08-12	22	52
2014-08-12	23	44
2014-08-13	0	69
2014-08-13	1	141
2014-08-13	2	274
2014-08-13	3	385
2014-08-13	4	506
2014-08-13	5	873
2014-08-13	6	1074
2014-08-13	7	1111
2014-08-13	8	1081
2014-08-13	9	1103
2014-08-13	10	1201
2014-08-13	11	1089
2014-08-13	12	1146
2014-08-13	13	1023
2014-08-13	14	1022
2014-08-13	15	1086
2014-08-13	16	1098
2014-08-13	17	972
2014-08-13	18	729
2014-08-13	19	393
2014-08-13	20	115
2014-08-13	21	70
2014-08-13	22	34
2014-08-13	23	32
2014-08-14	0	87
2014-08-14	1	141
2014-08-14	2	266
2014-08-14	3	416
2014-08-14	4	679
2014-08-14	5	880
2014-08-14	6	1142
2014-08-14	7	1151
2014-08-14	8	1075
2014-08-14	9	1129
2014-08-14	10	1196
2014-08-14	11	1060
2014-08-14	12	1012
2014-08-14	13	864
2014-08-14	14	846
2014-08-14	15	808
2014-08-14	16	853
2014-08-14	17	871
2014-08-14	18	698
2014-08-14	19	403
2014-08-14	20	203
2014-08-14	21	97
2014-08-14	22	52
2014-08-14	23	53
2014-08-15	0	53
2014-08-15	1	107
2014-08-15	2	254
2014-08-15	3	355
2014-08-15	4	580
2014-08-15	5	681
2014-08-15	6	875
2014-08-15	7	965
2014-08-15	8	828
2014-08-15	9	626
2014-08-15	10	1003
2014-08-15	11	898
2014-08-15	12	805
2014-08-15	13	802
2014-08-15	14	896
2014-08-15	15	843
2014-08-15	16	894
2014-08-15	17	804
2014-08-15	18	720
2014-08-15	19	437
2014-08-15	20	204
2014-08-15	21	117
2014-08-15	22	56
2014-08-15	23	47
2014-08-16	0	46
2014-08-16	1	103
2014-08-16	2	244
2014-08-16	3	391
2014-08-16	4	526
2014-08-16	5	821
2014-08-16	6	993
2014-08-16	7	1084
2014-08-16	8	1018
2014-08-16	9	1080
2014-08-16	10	935
2014-08-16	11	1003
2014-08-16	12	904
2014-08-16	13	922
2014-08-16	14	939
2014-08-16	15	1031
2014-08-16	16	939
2014-08-16	17	948
2014-08-16	18	653
2014-08-16	19	401
2014-08-16	20	199
2014-08-16	21	92
2014-08-16	22	45
2014-08-16	23	31
2014-08-17	0	49
2014-08-17	1	104
2014-08-17	2	233
2014-08-17	3	393
2014-08-17	4	573
2014-08-17	5	777
2014-08-17	6	930
2014-08-17	7	1044
2014-08-17	8	908
2014-08-17	9	870
2014-08-17	10	884
2014-08-17	11	811
2014-08-17	12	898
2014-08-17	13	829
2014-08-17	14	945
2014-08-17	15	973
2014-08-17	16	957
2014-08-17	17	895
2014-08-17	18	670
2014-08-17	19	425
2014-08-17	20	205
2014-08-17	21	105
2014-08-17	22	43
2014-08-17	23	36
2014-08-18	0	56
2014-08-18	1	82
2014-08-18	2	214
2014-08-18	3	327
2014-08-18	4	645
2014-08-18	5	828
2014-08-18	6	917
2014-08-18	7	1087
2014-08-18	8	1058
2014-08-18	9	1152
2014-08-18	10	1201
2014-08-18	11	953
2014-08-18	12	1112
2014-08-18	13	995
2014-08-18	14	972
2014-08-18	15	984
2014-08-18	16	1076
2014-08-18	17	1049
2014-08-18	18	774
2014-08-18	19	384
2014-08-18	20	210
2014-08-18	21	109
2014-08-18	22	69
2014-08-18	23	51
2014-08-19	0	61
2014-08-19	1	127
2014-08-19	2	263
2014-08-19	3	420
2014-08-19	4	608
2014-08-19	5	830
2014-08-19	6	1086
2014-08-19	7	1117
2014-08-19	8	1103
2014-08-19	9	1151
2014-08-19	10	1200
2014-08-19	11	1079
2014-08-19	12	1000
2014-08-19	13	965
2014-08-19	14	1048
2014-08-19	15	1035
2014-08-19	16	1149
2014-08-19	17	1109
2014-08-19	18	965
2014-08-19	19	461
2014-08-19	20	220
2014-08-19	21	105
2014-08-19	22	74
2014-08-19	23	44
2014-08-20	0	60
2014-08-20	1	142
2014-08-20	2	296
2014-08-20	3	399
2014-08-20	4	685
2014-08-20	5	931
2014-08-20	6	1120
2014-08-20	7	1128
2014-08-20	8	1076
2014-08-20	9	1057
2014-08-20	10	1148
2014-08-20	11	1154
2014-08-20	12	1082
2014-08-20	13	1036
2014-08-20	14	917
2014-08-20	15	1036
2014-08-20	16	1075
2014-08-20	17	1041
2014-08-20	18	829
2014-08-20	19	422
2014-08-20	20	254
2014-08-20	21	100
2014-08-20	22	57
2014-08-20	23	32
2014-08-21	0	54
2014-08-21	1	106
2014-08-21	2	197
2014-08-21	3	357
2014-08-21	4	564
2014-08-21	5	784
2014-08-21	6	944
2014-08-21	7	1056
2014-08-21	8	913
2014-08-21	9	972
2014-08-21	10	1000
2014-08-21	11	965
2014-08-21	12	890
2014-08-21	13	833
2014-08-21	14	852
2014-08-21	15	927
2014-08-21	16	1015
2014-08-21	17	1061
2014-08-21	18	777
2014-08-21	19	428
2014-08-21	20	220
2014-08-21	21	121
2014-08-21	22	62
2014-08-21	23	52
2014-08-22	0	55
2014-08-22	1	138
2014-08-22	2	275
2014-08-22	3	377
2014-08-22	4	606
2014-08-22	5	373
2014-08-22	6	1105
2014-08-22	7	1102
2014-08-22	8	1005
2014-08-22	9	1089
2014-08-22	10	1012
2014-08-22	11	1044
2014-08-22	12	1004
2014-08-22	13	913
2014-08-22	14	1006
2014-08-22	15	999
2014-08-22	16	1085
2014-08-22	17	988
2014-08-22	18	726
2014-08-22	19	439
2014-08-22	20	208
2014-08-22	21	122
2014-08-22	22	84
2014-08-22	23	44
2014-08-23	0	70
2014-08-23	1	138
2014-08-23	2	250
2014-08-23	3	408
2014-08-23	4	624
2014-08-23	5	963
2014-08-23	6	1105
2014-08-23	7	1260
2014-08-23	8	1182
2014-08-23	9	1115
2014-08-23	10	1206
2014-08-23	11	1126
2014-08-23	12	1054
2014-08-23	13	990
2014-08-23	14	968
2014-08-23	15	1016
2014-08-23	16	955
2014-08-23	17	1025
2014-08-23	18	693
2014-08-23	19	385
2014-08-23	20	206
2014-08-23	21	111
2014-08-23	22	54
2014-08-23	23	47
2014-08-24	0	44
2014-08-24	1	96
2014-08-24	2	235
2014-08-24	3	367
2014-08-24	4	666
2014-08-24	5	855
2014-08-24	6	1022
2014-08-24	7	1124
2014-08-24	8	1026
2014-08-24	9	1047
2014-08-24	10	903
2014-08-24	11	935
2014-08-24	12	883
2014-08-24	13	886
2014-08-24	14	1008
2014-08-24	15	989
2014-08-24	16	1020
2014-08-24	17	1026
2014-08-24	18	726
2014-08-24	19	435
2014-08-24	20	188
2014-08-24	21	96
2014-08-24	22	51
2014-08-24	23	40
2014-08-25	0	54
2014-08-25	1	141
2014-08-25	2	247
2014-08-25	3	408
2014-08-25	4	725
2014-08-25	5	920
2014-08-25	6	1092
2014-08-25	7	1104
2014-08-25	8	1146
2014-08-25	9	1143
2014-08-25	10	1202
2014-08-25	11	1130
2014-08-25	12	1147
2014-08-25	13	1012
2014-08-25	14	1093
2014-08-25	15	1159
2014-08-25	16	1288
2014-08-25	17	1131
2014-08-25	18	851
2014-08-25	19	450
2014-08-25	20	208
2014-08-25	21	119
2014-08-25	22	65
2014-08-25	23	50
2014-08-26	0	65
2014-08-26	1	169
2014-08-26	2	297
2014-08-26	3	458
2014-08-26	4	712
2014-08-26	5	988
2014-08-26	6	1130
2014-08-26	7	1144
2014-08-26	8	1109
2014-08-26	9	1237
2014-08-26	10	1176
2014-08-26	11	1179
2014-08-26	12	1202
2014-08-26	13	1037
2014-08-26	14	1232
2014-08-26	15	1181
2014-08-26	16	1385
2014-08-26	17	1268
2014-08-26	18	834
2014-08-26	19	498
2014-08-26	20	254
2014-08-26	21	135
2014-08-26	22	81
2014-08-26	23	45
2014-08-27	0	88
2014-08-27	1	167
2014-08-27	2	291
2014-08-27	3	490
2014-08-27	4	781
2014-08-27	5	1093
2014-08-27	6	1120
2014-08-27	7	1147
2014-08-27	8	1080
2014-08-27	9	1177
2014-08-27	10	1221
2014-08-27	11	1199
2014-08-27	12	2723
2014-08-27	13	2786
2014-08-27	14	2987
2014-08-27	15	3105
2014-08-27	16	3407
2014-08-27	17	3209
2014-08-27	18	2364
2014-08-27	19	1525
2014-08-27	20	782
2014-08-27	21	450
2014-08-27	22	216
2014-08-27	23	152
2014-08-28	0	253
2014-08-28	1	451
2014-08-28	2	789
2014-08-28	3	1384
2014-08-28	4	2082
2014-08-28	5	2782
2014-08-28	6	3296
2014-08-28	7	3242
2014-08-28	8	2541
2014-08-28	9	2702
2014-08-28	10	3353
2014-08-28	11	3411
2014-08-28	12	2889
2014-08-28	13	2868
2014-08-28	14	2814
2014-08-28	15	3038
2014-08-28	16	3180
2014-08-28	17	3259
2014-08-28	18	2458
2014-08-28	19	1278
2014-08-28	20	642
2014-08-28	21	445
2014-08-28	22	230
2014-08-28	23	193
2014-08-29	0	155
2014-08-29	1	178
2014-08-29	2	687
2014-08-29	3	1007
2014-08-29	4	1624
2014-08-29	5	2050
2014-08-29	6	2858
2014-08-29	7	3110
2014-08-29	8	2543
2014-08-29	9	2587
2014-08-29	10	2809
2014-08-29	11	2903
2014-08-29	12	2746
2014-08-29	13	2712
2014-08-29	14	2704
2014-08-29	15	2758
2014-08-29	16	2938
2014-08-29	17	2653
2014-08-29	18	2207
2014-08-29	19	1298
2014-08-29	20	714
2014-08-29	21	452
2014-08-29	22	239
2014-08-29	23	162
2014-08-30	0	174
2014-08-30	1	367
2014-08-30	2	788
2014-08-30	3	1185
2014-08-30	4	1831
2014-08-30	5	2599
2014-08-30	6	3027
2014-08-30	7	2973
2014-08-30	8	2523
2014-08-30	9	2659
2014-08-30	10	2972
2014-08-30	11	2865
2014-08-30	12	2667
2014-08-30	13	2708
2014-08-30	14	2635
2014-08-30	15	2716
2014-08-30	16	2682
2014-08-30	17	2814
2014-08-30	18	2235
2014-08-30	19	1339
2014-08-30	20	754
2014-08-30	21	466
2014-08-30	22	290
2014-08-30	23	161
2014-08-31	0	194
2014-08-31	1	354
2014-08-31	2	691
2014-08-31	3	1155
2014-08-31	4	1789
2014-08-31	5	2420
2014-08-31	6	2955
2014-08-31	7	3189
2014-08-31	8	2534
2014-08-31	9	2366
2014-08-31	10	2736
2014-08-31	11	2718
2014-08-31	12	2753
2014-08-31	13	2726
2014-08-31	14	2999
2014-08-31	15	3022
2014-08-31	16	3134
2014-08-31	17	2946
2014-08-31	18	2033
2014-08-31	19	1216
2014-08-31	20	625
2014-08-31	21	313
2014-08-31	22	205
2014-08-31	23	111
2014-09-01	0	149
2014-09-01	1	372
2014-09-01	2	635
2014-09-01	3	993
2014-09-01	4	1703
2014-09-01	5	2387
2014-09-01	6	3022
2014-09-01	7	2848
2014-09-01	8	2362
2014-09-01	9	2785
2014-09-01	10	2988
2014-09-01	11	3232
2014-09-01	12	2894
2014-09-01	13	2717
2014-09-01	14	2910
2014-09-01	15	3008
2014-09-01	16	3250
2014-09-01	17	3129
2014-09-01	18	2351
2014-09-01	19	1247
2014-09-01	20	738
2014-09-01	21	363
2014-09-01	22	224
2014-09-01	23	164
2014-09-02	0	237
2014-09-02	1	454
2014-09-02	2	775
2014-09-02	3	1359
2014-09-02	4	1976
2014-09-02	5	2774
2014-09-02	6	3214
2014-09-02	7	3546
2014-09-02	8	2574
2014-09-02	9	2823
2014-09-02	10	3176
2014-09-02	11	2943
2014-09-02	12	2639
2014-09-02	13	2401
2014-09-02	14	2597
2014-09-02	15	2559
2014-09-02	16	2747
2014-09-02	17	2641
2014-09-02	18	2036
2014-09-02	19	1276
2014-09-02	20	680
2014-09-02	21	350
2014-09-02	22	209
2014-09-02	23	155
2014-09-03	0	166
2014-09-03	1	423
2014-09-03	2	357
2014-09-03	3	383
2014-09-03	4	627
2014-09-03	5	870
2014-09-03	6	999
2014-09-03	7	946
2014-09-03	8	956
2014-09-03	9	987
2014-09-03	10	1136
2014-09-03	11	1080
2014-09-03	12	1022
2014-09-03	13	962
2014-09-03	14	1305
2014-09-03	15	3038
2014-09-03	16	2938
2014-09-03	17	1782
2014-09-03	18	1569
2014-09-03	19	1082
2014-09-03	20	667
2014-09-03	21	413
2014-09-03	22	222
2014-09-03	23	163
2014-09-04	0	277
2014-09-04	1	512
2014-09-04	2	790
2014-09-04	3	1334
2014-09-04	4	1945
2014-09-04	5	2693
2014-09-04	6	3081
2014-09-04	7	3099
2014-09-04	8	2527
2014-09-04	9	2576
2014-09-04	10	3495
2014-09-04	11	3323
2014-09-04	12	2970
2014-09-04	13	2650
2014-09-04	14	3025
2014-09-04	15	2994
2014-09-04	16	2953
2014-09-04	17	2967
2014-09-04	18	2321
2014-09-04	19	1236
2014-09-04	20	771
2014-09-04	21	374
2014-09-04	22	253
2014-09-04	23	126
2014-09-05	0	213
2014-09-05	1	461
2014-09-05	2	728
2014-09-05	3	1178
2014-09-05	4	1783
2014-09-05	5	2333
2014-09-05	6	2842
2014-09-05	7	2966
2014-09-05	8	2254
2014-09-05	9	2395
2014-09-05	10	2960
2014-09-05	11	2822
2014-09-05	12	2628
2014-09-05	13	2242
2014-09-05	14	2471
2014-09-05	15	2456
2014-09-05	16	2513
2014-09-05	17	2569
2014-09-05	18	2064
2014-09-05	19	1157
2014-09-05	20	673
2014-09-05	21	409
2014-09-05	22	185
2014-09-05	23	164
2014-09-06	0	209
2014-09-06	1	382
2014-09-06	2	714
2014-09-06	3	1068
2014-09-06	4	1592
2014-09-06	5	2251
2014-09-06	6	2686
2014-09-06	7	2829
2014-09-06	8	2419
2014-09-06	9	2446
2014-09-06	10	2681
2014-09-06	11	2917
2014-09-06	12	2441
2014-09-06	13	2346
2014-09-06	14	2546
2014-09-06	15	2517
2014-09-06	16	2396
2014-09-06	17	2407
2014-09-06	18	2018
2014-09-06	19	1411
2014-09-06	20	768
2014-09-06	21	384
2014-09-06	22	226
2014-09-06	23	163
2014-09-07	0	142
2014-09-07	1	344
2014-09-07	2	608
2014-09-07	3	1019
2014-09-07	4	1680
2014-09-07	5	2165
2014-09-07	6	2619
2014-09-07	7	2796
2014-09-07	8	2304
2014-09-07	9	2179
2014-09-07	10	2616
2014-09-07	11	2633
2014-09-07	12	2534
2014-09-07	13	2698
2014-09-07	14	2892
2014-09-07	15	2791
2014-09-07	16	2648
2014-09-07	17	2726
2014-09-07	18	2192
2014-09-07	19	1358
2014-09-07	20	691
2014-09-07	21	395
2014-09-07	22	203
2014-09-07	23	84
2014-09-08	0	184
2014-09-08	1	355
2014-09-08	2	643
2014-09-08	3	1124
2014-09-08	4	1561
2014-09-08	5	2370
2014-09-08	6	2556
2014-09-08	7	1092
2014-09-08	8	1054
2014-09-08	9	1078
2014-09-08	10	1130
2014-09-08	11	1140
2014-09-08	12	1051
2014-09-08	13	974
2014-09-08	14	1064
2014-09-08	15	1067
2014-09-08	16	1098
2014-09-08	17	996
2014-09-08	18	730
2014-09-08	19	395
2014-09-08	20	190
2014-09-08	21	112
2014-09-08	22	68
2014-09-08	23	49
2014-09-09	0	63
2014-09-09	1	137
2014-09-09	2	234
2014-09-09	3	441
2014-09-09	4	1360
2014-09-09	5	2379
2014-09-09	6	3003
2014-09-09	7	3098
2014-09-09	8	2890
2014-09-09	9	3269
2014-09-09	10	3332
2014-09-09	11	3210
2014-09-09	12	2817
2014-09-09	13	2749
2014-09-09	14	2742
2014-09-09	15	3082
2014-09-09	16	3170
2014-09-09	17	3044
2014-09-09	18	2292
2014-09-09	19	1266
2014-09-09	20	687
2014-09-09	21	464
2014-09-09	22	266
2014-09-09	23	136
2014-09-10	0	201
2014-09-10	1	520
2014-09-10	2	805
2014-09-10	3	1191
2014-09-10	4	1905
2014-09-10	5	2547
2014-09-10	6	3245
2014-09-10	7	3238
2014-09-10	8	2970
2014-09-10	9	3114
2014-09-10	10	3110
2014-09-10	11	3197
2014-09-10	12	2901
2014-09-10	13	2482
2014-09-10	14	2958
2014-09-10	15	2879
2014-09-10	16	2948
2014-09-10	17	2970
2014-09-10	18	2201
2014-09-10	19	1423
2014-09-10	20	694
2014-09-10	21	373
2014-09-10	22	245
2014-09-10	23	160
2014-09-11	0	249
2014-09-11	1	452
2014-09-11	2	761
2014-09-11	3	1337
2014-09-11	4	1793
2014-09-11	5	2614
2014-09-11	6	3037
2014-09-11	7	3278
2014-09-11	8	3207
2014-09-11	9	3695
2014-09-11	10	3491
2014-09-11	11	3490
2014-09-11	12	3055
2014-09-11	13	2770
2014-09-11	14	2901
2014-09-11	15	3011
2014-09-11	16	3125
2014-09-11	17	3098
2014-09-11	18	2317
2014-09-11	19	1342
2014-09-11	20	658
2014-09-11	21	379
2014-09-11	22	206
2014-09-11	23	203
2014-09-12	0	245
2014-09-12	1	396
2014-09-12	2	869
2014-09-12	3	1369
2014-09-12	4	1941
2014-09-12	5	2204
2014-09-12	6	3310
2014-09-12	7	3180
2014-09-12	8	2926
2014-09-12	9	3258
2014-09-12	10	3207
2014-09-12	11	3391
2014-09-12	12	3186
2014-09-12	13	2772
2014-09-12	14	3022
2014-09-12	15	2903
2014-09-12	16	3211
2014-09-12	17	2993
2014-09-12	18	2484
2014-09-12	19	1423
2014-09-12	20	770
2014-09-12	21	384
2014-09-12	22	294
2014-09-12	23	200
2014-09-13	0	214
2014-09-13	1	394
2014-09-13	2	815
2014-09-13	3	1324
2014-09-13	4	1965
2014-09-13	5	2642
2014-09-13	6	3106
2014-09-13	7	3189
2014-09-13	8	3080
2014-09-13	9	3286
2014-09-13	10	3296
2014-09-13	11	3066
2014-09-13	12	2743
2014-09-13	13	2828
2014-09-13	14	2957
2014-09-13	15	2809
2014-09-13	16	2942
2014-09-13	17	2806
2014-09-13	18	2088
2014-09-13	19	1585
2014-09-13	20	930
2014-09-13	21	443
2014-09-13	22	327
2014-09-13	23	200
